f0,f1,label
-0.07111613,0.47491893,1.00000000
0.68984826,-0.37518474,1.00000000
0.80862771,0.56342302,0.00000000
0.26200092,0.23190049,1.00000000
0.08635567,0.92180712,0.00000000
0.48120955,0.90511956,0.00000000
1.33915658,-0.48024293,1.00000000
0.06636127,0.87720707,0.00000000
0.44018216,-0.33980200,1.00000000
-0.42357686,1.03851565,0.00000000
0.94202005,0.11091204,0.00000000
1.86605014,0.27215931,1.00000000
0.51587156,1.06186699,0.00000000
0.24309408,0.94157782,0.00000000
-0.54176585,0.74894900,0.00000000
0.89298259,0.70550774,0.00000000
0.59487414,-0.75701760,1.00000000
1.87179364,0.16570806,1.00000000
0.11765407,0.14329933,1.00000000
2.26570649,0.34285965,1.00000000
0.43294802,0.95980240,0.00000000
1.14795820,0.31430650,0.00000000
2.10440121,0.64538382,1.00000000
0.59914822,-0.44112337,1.00000000
1.06694340,0.17043635,0.00000000
2.07409271,0.61175280,1.00000000
-0.32726233,0.84370167,0.00000000
-0.00487820,-0.07461318,1.00000000
0.45851596,-0.39432527,1.00000000
0.11355040,0.80379399,0.00000000
2.23124525,0.28971432,1.00000000
-1.18125191,-0.02911789,0.00000000
0.72163281,-0.32692165,1.00000000
0.70114030,0.75565187,0.00000000
0.11140118,-0.05984761,1.00000000
-0.24993648,1.04045547,0.00000000
0.04023244,0.69620477,0.00000000
1.86334802,-0.20404157,1.00000000
-0.85290174,0.52084658,0.00000000
-0.45273181,0.82729951,0.00000000
1.72978655,0.27410521,1.00000000
0.81779644,0.89189800,0.00000000
0.26851153,0.73066703,0.00000000
0.87422659,0.87260360,0.00000000
0.04101984,0.83566910,0.00000000
2.02300875,0.21615407,1.00000000
-0.72304697,1.02463013,0.00000000
-1.08788531,0.27821315,0.00000000
0.97057723,0.21966080,0.00000000
-1.13303554,0.43942821,0.00000000
1.01975490,0.72471858,0.00000000
1.34644953,-0.43053893,1.00000000
1.53229655,-0.14338653,1.00000000
0.37324407,0.68998357,0.00000000
1.68587447,0.12734552,1.00000000
0.97547959,0.61314394,0.00000000
0.01759392,0.21359364,1.00000000
-0.88259232,0.53738440,0.00000000
1.08890454,0.31294064,0.00000000
-1.08806867,0.62302133,0.00000000
-0.53010853,1.05092258,0.00000000
0.80463105,-0.77759962,1.00000000
0.26772907,-0.48701445,1.00000000
0.57146229,1.01369479,0.00000000
0.07345558,1.08012361,0.00000000
1.00864365,0.64009226,0.00000000
1.65616738,-0.38874609,1.00000000
0.39591680,-0.38566732,1.00000000
1.61223499,0.59255634,1.00000000
0.12174377,1.00362337,0.00000000
1.29280092,-0.40531054,1.00000000
-0.66747745,0.83505319,0.00000000
0.92610466,-0.00457463,0.00000000
0.62350885,0.88101944,0.00000000
2.03999608,0.35864014,1.00000000
0.12096082,-0.19925839,1.00000000
-0.05860856,0.01286964,1.00000000
1.70856060,0.28227246,1.00000000
-1.04833667,0.22391073,0.00000000
0.63615410,-0.60197366,1.00000000
0.92464468,0.03992106,0.00000000
0.86309799,0.04026358,0.00000000
-0.22668782,0.57038040,1.00000000
0.27727116,-0.11255804,1.00000000
0.72526087,-0.39739676,1.00000000
0.36010007,0.86696497,0.00000000
0.48356975,-0.25441835,1.00000000
1.07477042,-0.50178633,1.00000000
0.07207039,0.88934229,0.00000000
0.32244372,0.93252314,0.00000000
0.02854013,0.01875938,1.00000000
1.58292313,-0.06029459,1.00000000
-0.23999267,0.98664518,0.00000000
0.28885395,0.27964006,1.00000000
-1.05199223,0.49886901,0.00000000
1.11597329,-0.57130140,1.00000000
1.78965952,-0.03946731,1.00000000
2.00532695,0.16584123,1.00000000
-0.33810110,-0.11776061,1.00000000
0.29952047,1.06005265,0.00000000
0.17838202,0.20513682,1.00000000
0.04451468,0.92780628,0.00000000
1.14071177,0.32869472,0.00000000
0.53957021,0.98378011,0.00000000
-0.73959428,0.70008382,0.00000000
1.11740305,0.41815141,0.00000000
0.99303020,0.22740395,0.00000000
-0.86241361,1.12401698,0.00000000
1.72880849,-0.05987483,1.00000000
1.99019661,-0.17575167,1.00000000
-0.50624368,1.09183083,0.00000000
2.05121988,0.39960417,1.00000000
0.65340059,-0.31211142,1.00000000
2.03535242,0.09046958,1.00000000
1.03330712,-0.80860012,1.00000000
0.93524339,0.64651348,0.00000000
0.55978045,0.82614351,0.00000000
0.85711775,-0.61073355,1.00000000
1.23628616,-0.53153063,1.00000000
0.78224362,-0.45539381,1.00000000
-0.99296845,0.69113927,0.00000000
-0.22489956,1.14557165,0.00000000
0.92882349,0.25365255,0.00000000
1.93398820,0.12547325,1.00000000
1.04698253,0.32681427,0.00000000
-0.98527663,0.24708374,0.00000000
1.63258402,-0.22834560,1.00000000
1.78549585,-0.40082289,1.00000000
-1.05899497,0.49021539,0.00000000
0.26862496,-0.14679963,1.00000000
1.30050733,-0.47321431,1.00000000
-0.54279942,0.63587156,0.00000000
0.65782626,-0.25508076,1.00000000
-0.88025827,0.22269452,0.00000000
-0.23223113,1.05064867,0.00000000
-1.17235156,-0.17001119,0.00000000
0.14703174,-0.01530916,1.00000000
0.52087119,-0.54896515,1.00000000
-0.19397221,0.25064819,1.00000000
1.06565772,-0.80960363,1.00000000
1.04426671,0.34207535,0.00000000
-0.19794837,0.71818919,0.00000000
0.92644781,-0.24396786,1.00000000
-0.54637966,0.93801668,0.00000000
-1.22734013,-0.12303683,0.00000000
0.79163731,-0.34424868,1.00000000
0.59500537,0.55677311,0.00000000
-0.10606693,0.95442743,0.00000000
-0.89030862,0.16965705,0.00000000
1.96242452,-0.01644330,1.00000000
1.26479197,0.08340366,0.00000000
1.58950136,-0.23860955,1.00000000
0.36086845,-0.03362386,1.00000000
-0.78004815,0.77287014,0.00000000
1.08365185,0.03499642,0.00000000
-0.71685312,0.15017679,0.00000000
-0.08724693,1.01925007,0.00000000
0.40256114,0.95927319,0.00000000
1.38983756,-0.71899631,1.00000000
1.88767989,0.16339371,1.00000000
2.22862866,0.42771353,1.00000000
0.10195705,0.22214758,1.00000000
1.14696835,-0.56803727,1.00000000
-0.91459904,0.49402097,0.00000000
1.81543231,-0.06746075,1.00000000
0.26759860,0.96461423,0.00000000
2.04050626,0.13124755,1.00000000
-0.75590638,0.61281767,0.00000000
-0.56712213,0.82746727,0.00000000
0.02975134,0.14102846,1.00000000
0.21613524,0.79933004,0.00000000
0.42200283,0.97751816,0.00000000
-0.10614634,1.05570316,0.00000000
0.32108273,0.93871787,0.00000000
-0.59648328,0.89418363,0.00000000
1.05730309,-0.18713889,1.00000000
-0.23967948,1.14876228,0.00000000
0.27763389,-0.41550063,1.00000000
0.13368395,1.09375217,0.00000000
1.11700907,0.22304301,0.00000000
0.70191850,0.62835226,0.00000000
-0.64805234,0.92137758,0.00000000
-0.27584562,1.17502976,0.00000000
-0.81869080,0.37328310,0.00000000
0.43803920,0.80744146,0.00000000
-1.00763924,0.29192770,0.00000000
1.31626610,-0.38704950,1.00000000
-0.29207139,0.30589786,1.00000000
1.61134942,-0.60212508,1.00000000
-0.52184053,0.09044172,0.00000000
-0.77772009,0.86222802,0.00000000
-0.47034658,1.04233776,0.00000000
2.01159858,0.30736110,1.00000000
0.03484555,0.87533586,0.00000000
1.29294079,-0.42928670,1.00000000
1.71097734,-0.27057385,1.00000000
1.68820634,-0.47029856,1.00000000
1.62676555,-0.12145342,1.00000000
1.42771986,-0.16003236,1.00000000
0.94534417,-0.57352966,1.00000000
-0.90544239,0.19151973,0.00000000
-0.18412035,0.28775364,1.00000000
0.82311682,-0.67007221,1.00000000
0.22461499,0.22365572,1.00000000
0.81966269,-0.55664126,1.00000000
-0.58634662,0.93041695,0.00000000
0.98315840,0.52745652,0.00000000
0.97513807,0.29389699,0.00000000
1.51785949,-0.42583252,1.00000000
-1.04219708,0.23161997,0.00000000
0.03107216,0.20657482,1.00000000
-0.37519851,1.02216955,0.00000000
-1.05831300,0.44640117,0.00000000
1.31975988,-0.50549872,1.00000000
1.05891646,-0.49783706,1.00000000
0.06872806,0.71768397,0.00000000
1.89909592,0.19935646,1.00000000
0.56547015,-0.57415882,1.00000000
1.84146314,0.02360932,1.00000000
1.00639774,-0.53003491,1.00000000
1.76699627,-0.37007622,1.00000000
-1.06624969,0.74466063,0.00000000
0.37555348,-0.06746506,1.00000000
-0.38886082,0.68843419,0.00000000
-0.39361714,0.94460484,0.00000000
-1.08456497,-0.53523079,0.00000000
-1.05298140,0.06731299,0.00000000
1.90874232,0.35648819,1.00000000
0.87520288,0.16981376,0.00000000
0.01153813,0.57962148,1.00000000
-0.05893178,0.64406226,0.00000000
0.02504889,-0.10495401,1.00000000
0.55150552,-0.02911071,1.00000000
1.03882172,0.11692679,0.00000000
-0.29652922,1.09483079,0.00000000
1.91741350,-0.02201333,1.00000000
0.07287264,0.13935001,1.00000000
1.56238580,-0.21260109,1.00000000
1.98018872,0.06711840,1.00000000
1.81875503,-0.12866776,1.00000000
2.15567303,0.33322004,1.00000000
-0.38654084,1.01942932,0.00000000
0.54254573,0.84394316,0.00000000
1.29838311,-0.45209905,1.00000000
0.82568858,0.59434673,0.00000000
0.16345149,1.15401321,0.00000000
1.93251857,0.41364545,1.00000000
-0.09316301,0.84660173,0.00000000
0.28158725,-0.14863862,1.00000000
0.93513007,-0.69987986,1.00000000
-0.24933595,0.87653720,0.00000000
0.11255986,0.10301898,1.00000000
-0.87948436,0.05457100,0.00000000
0.69391185,-0.52213394,1.00000000
0.81289080,0.73351620,0.00000000
2.01761379,0.09697026,1.00000000
0.72012893,0.87432871,0.00000000
0.11297020,0.97341168,0.00000000
0.20153417,-0.50225556,1.00000000
-1.06321923,0.25092258,0.00000000
-0.87078944,0.49340529,0.00000000
1.11881575,0.05082979,0.00000000
0.95793680,0.32494049,0.00000000
1.31799809,0.39542524,0.00000000
-0.94550795,0.61345358,0.00000000
-0.68453070,1.00147480,0.00000000
1.34366238,-0.47541315,1.00000000
0.54561906,-0.22609343,1.00000000
0.08902596,0.23936108,1.00000000
0.15213158,1.01741807,0.00000000
0.77099707,0.70317347,0.00000000
0.18537160,-0.25820393,1.00000000
1.02098590,-0.75765078,1.00000000
1.11351501,-0.53957005,1.00000000
-0.88935936,0.16816098,0.00000000
0.47983372,0.55037531,0.00000000
1.00811745,-0.75337634,1.00000000
0.11968021,0.64560593,1.00000000
0.22234874,-0.26428869,1.00000000
1.43087530,-0.47771464,1.00000000
1.09756744,0.21462685,0.00000000
0.23569707,-0.26660830,1.00000000
1.99041728,0.00035032,1.00000000
0.11776125,1.20516664,0.00000000
0.28628915,0.25526584,1.00000000
1.63102377,-0.35032519,1.00000000
0.03650746,0.21604698,1.00000000
-1.19675683,0.38585321,0.00000000
0.07730707,0.91162922,0.00000000
-0.00100980,0.24229799,1.00000000
0.77458772,0.76699328,0.00000000
0.94062419,0.26887827,0.00000000
1.07726539,0.67857652,0.00000000
0.64448029,-0.67302734,1.00000000
0.15283305,0.49248212,1.00000000
1.39890311,0.06683868,1.00000000
1.12715014,0.12777902,0.00000000
1.22237111,-0.27230364,1.00000000
0.29459524,0.16931000,1.00000000
0.01896495,-0.20236029,1.00000000
0.78673076,-0.33418651,1.00000000
-0.79577612,0.54847927,0.00000000
1.99315374,0.03221930,1.00000000
-0.57470080,0.73762528,0.00000000
0.31721763,0.91499948,0.00000000
-0.65245914,0.81690525,0.00000000
-0.39185333,0.58769639,0.00000000
0.71283302,0.08099892,0.00000000
0.59973912,0.95862977,0.00000000
0.76919619,-0.40447412,1.00000000
0.93891466,0.08674799,0.00000000
-0.87558651,0.74816657,0.00000000
0.84825797,0.59788267,0.00000000
1.90386234,0.14149504,1.00000000
1.34797528,-0.42382030,1.00000000
0.20245731,0.20034904,1.00000000
0.77470955,-0.52364252,1.00000000
1.60753226,-0.25804764,1.00000000
0.23448904,0.14090339,1.00000000
0.02058162,0.16474096,1.00000000
0.11260762,0.67976466,1.00000000
0.94531903,-0.75379279,1.00000000
1.87664134,-0.02530405,1.00000000
0.29391744,-0.07911049,1.00000000
2.19666453,0.46093334,1.00000000
1.83941406,0.15750220,1.00000000
0.83115158,-0.60588230,1.00000000
0.44619635,-0.39094368,1.00000000
0.07613481,0.45410682,1.00000000
-0.96129625,0.71078923,0.00000000
0.74298522,0.64320731,0.00000000
0.11845770,0.24066450,1.00000000
-0.98343256,0.29617553,0.00000000
1.17211936,-0.35935519,1.00000000
0.48501063,0.00006092,1.00000000
-0.02530687,1.09192881,0.00000000
0.83516087,0.75198284,0.00000000
0.90419743,-0.05533560,0.00000000
0.64575325,0.55613550,0.00000000
0.35067596,0.85856143,0.00000000
0.03234163,0.39734629,1.00000000
0.85312955,0.59475811,0.00000000
0.37385545,-0.24269358,1.00000000
0.36888246,1.04247657,0.00000000
1.46663276,-0.40404440,1.00000000
0.64430979,0.64253872,0.00000000
1.50943150,-0.22976197,1.00000000
0.43526581,-0.31856590,1.00000000
0.38022079,-0.13845803,1.00000000
0.80120120,0.14395814,0.00000000
1.35782606,-0.36869525,1.00000000
0.25834960,0.88985913,0.00000000
0.70652954,-0.26722451,1.00000000
-0.97165122,0.49148411,0.00000000
1.73795972,-0.51146017,1.00000000
1.73975428,0.61285586,1.00000000
-0.34762631,0.78676464,0.00000000
1.08548608,-0.67847997,1.00000000
1.98161115,0.42497409,1.00000000
1.22161445,-0.32142361,1.00000000
0.29125485,-0.04121544,1.00000000
0.58546217,0.69972944,0.00000000
0.42729466,0.62489161,0.00000000
-0.74859974,0.24510601,0.00000000
-1.10460980,0.25324252,0.00000000
2.05991683,0.57191094,1.00000000
-1.15659240,0.57292036,0.00000000
-1.07229197,0.47923626,0.00000000
0.58548483,0.61495651,0.00000000
0.67083834,0.69080028,0.00000000
1.54864473,-0.12263476,1.00000000
0.12456274,-0.22604336,1.00000000
0.10453194,-0.14084750,1.00000000
0.72253151,0.37294914,0.00000000
1.27821166,-0.62667841,1.00000000
-0.68276501,0.31985211,0.00000000
0.68192863,-0.43809682,1.00000000
-1.00988505,-0.05072479,0.00000000
0.75701185,-0.25191941,1.00000000
1.81628510,-0.16201064,1.00000000
0.51925224,-0.15633360,1.00000000
1.08528285,-0.48386967,1.00000000
-0.92518678,0.69643768,0.00000000
-0.28559735,0.78719499,0.00000000
-0.57289857,0.70104200,0.00000000
1.59935132,-0.25643462,1.00000000
0.14578880,1.08284746,0.00000000
1.92578879,0.04543939,1.00000000
0.22764315,1.11263675,0.00000000
1.68448748,-0.15774845,1.00000000
0.08011889,0.25498867,1.00000000
-0.31100144,1.02126655,0.00000000
2.07771004,0.69619800,1.00000000
1.26793085,0.27972984,0.00000000
-0.66157694,0.34862027,0.00000000
0.41977598,1.12526376,0.00000000
0.15041240,0.92569540,0.00000000
0.81077187,-0.23223897,1.00000000
2.04830010,-0.28452777,1.00000000
-0.09247101,0.69522195,0.00000000
